<application>
  <component name="AdvancedSettings">
    <option name="settings">
      <map>
        <entry key="compiler.automake.allow.when.app.running" value="true" />
        <entry key="confirm.rerun.with.termination" value="false" />
        <entry key="debugger.inlay.run.to.cursor" value="false" />
        <entry key="floating.codeToolbar.hide" value="true" />
        <entry key="gradle.download.sources" value="true" />
        <entry key="ide.remember.last.search.scope" value="true" />
      </map>
    </option>
  </component>
</application>