<application>
  <component name="com.intellij.ide.ui.customization.CustomActionsSchema">
    <group value="JspActions" is_group="true" forse_popup="false" action_type="-1" position="66">
      <path value="root" />
      <path value="Project View Popup Menu" />
      <option name="myInitialPosition" value="-1" />
    </group>
    <group value="Images.ConvertSvgToPng" is_action="true" action_type="-1" position="63">
      <path value="root" />
      <path value="Project View Popup Menu" />
      <option name="myInitialPosition" value="-1" />
    </group>
    <group value="JavaeeMigrationGroup" is_group="true" forse_popup="false" action_type="-1" position="61">
      <path value="root" />
      <path value="Project View Popup Menu" />
      <option name="myInitialPosition" value="-1" />
    </group>
    <group value="Github.Create.Gist" is_action="true" action_type="-1" position="52">
      <path value="root" />
      <path value="Project View Popup Menu" />
      <option name="myInitialPosition" value="-1" />
    </group>
    <group value="ConvertJavaToKotlinGroup" is_group="true" forse_popup="false" action_type="-1" position="48">
      <path value="root" />
      <path value="Project View Popup Menu" />
      <option name="myInitialPosition" value="-1" />
    </group>
    <group value="Images.SetBackgroundImage" is_action="true" action_type="-1" position="44">
      <path value="root" />
      <path value="Project View Popup Menu" />
      <option name="myInitialPosition" value="-1" />
    </group>
    <group value="XmlGenerateToolsGroup" is_group="true" forse_popup="false" action_type="-1" position="43">
      <path value="root" />
      <path value="Project View Popup Menu" />
      <option name="myInitialPosition" value="-1" />
    </group>
    <group value="UML.Group" is_group="true" forse_popup="false" action_type="-1" position="42">
      <path value="root" />
      <path value="Project View Popup Menu" />
      <option name="myInitialPosition" value="-1" />
    </group>
    <group value="Git.Stage.Index.File.Menu" is_group="true" forse_popup="false" action_type="-1" position="39">
      <path value="root" />
      <path value="Editor Popup Menu" />
      <option name="myInitialPosition" value="-1" />
    </group>
    <group value="Maven.GlobalProjectMenu" is_group="true" forse_popup="false" action_type="-1" position="33">
      <path value="root" />
      <path value="Editor Popup Menu" />
      <option name="myInitialPosition" value="-1" />
    </group>
    <group value="Maven.AddFileAsMavenProject" is_action="true" action_type="-1" position="32">
      <path value="root" />
      <path value="Editor Popup Menu" />
      <option name="myInitialPosition" value="-1" />
    </group>
    <group value="JspActions" is_group="true" forse_popup="false" action_type="-1" position="31">
      <path value="root" />
      <path value="Editor Popup Menu" />
      <option name="myInitialPosition" value="-1" />
    </group>
    <group seperator="true" action_type="-1" position="31">
      <path value="root" />
      <path value="Project View Popup Menu" />
      <option name="myInitialPosition" value="-1" />
    </group>
    <group value="Gradle.ImportExternalProject" is_action="true" action_type="-1" position="30">
      <path value="root" />
      <path value="Editor Popup Menu" />
      <option name="myInitialPosition" value="-1" />
    </group>
    <group seperator="true" action_type="-1" position="29">
      <path value="root" />
      <path value="Project View Popup Menu" />
      <option name="myInitialPosition" value="-1" />
    </group>
    <group value="UpdateCopyright" is_action="true" action_type="-1" position="28">
      <path value="root" />
      <path value="Navigation Bar Popup Menu" />
      <option name="myInitialPosition" value="-1" />
    </group>
    <group value="UML.Group" is_group="true" forse_popup="false" action_type="-1" position="27">
      <path value="root" />
      <path value="Navigation Bar Popup Menu" />
      <option name="myInitialPosition" value="-1" />
    </group>
    <group value="CheckForUpdate" is_action="true" action_type="-1" position="26">
      <path value="root" />
      <path value="Main Menu" />
      <path value="Help" />
      <option name="myInitialPosition" value="-1" />
    </group>
    <group value="popup@ExpandableBookmarkContextMenu" is_group="true" forse_popup="false" action_type="-1" position="26">
      <path value="root" />
      <path value="Editor Tab Popup Menu" />
      <option name="myInitialPosition" value="-1" />
    </group>
    <group value="VersionControlsGroup" is_group="true" forse_popup="false" action_type="-1" position="26">
      <path value="root" />
      <path value="Project View Popup Menu" />
      <option name="myInitialPosition" value="-1" />
    </group>
    <group value="UML.EditorGroup" is_group="true" forse_popup="false" action_type="-1" position="25">
      <path value="root" />
      <path value="Editor Popup Menu" />
      <option name="myInitialPosition" value="-1" />
    </group>
    <group seperator="true" action_type="-1" position="25">
      <path value="root" />
      <path value="Project View Popup Menu" />
      <option name="myInitialPosition" value="-1" />
    </group>
    <group seperator="true" action_type="-1" position="25">
      <path value="root" />
      <path value="Navigation Bar Popup Menu" />
      <option name="myInitialPosition" value="-1" />
    </group>
    <group value="ReopenClosedTab" is_action="true" action_type="-1" position="24">
      <path value="root" />
      <path value="Editor Tab Popup Menu" />
      <option name="myInitialPosition" value="-1" />
    </group>
    <group value="CompareClipboardWithSelection" is_action="true" action_type="-1" position="23">
      <path value="root" />
      <path value="Editor Popup Menu" />
      <option name="myInitialPosition" value="-1" />
    </group>
    <group seperator="true" action_type="-1" position="23">
      <path value="root" />
      <path value="Navigation Bar Popup Menu" />
      <option name="myInitialPosition" value="-1" />
    </group>
    <group seperator="true" action_type="-1" position="21">
      <path value="root" />
      <path value="Project View Popup Menu" />
      <option name="myInitialPosition" value="-1" />
    </group>
    <group value="NewXmlDescriptor" is_group="true" forse_popup="false" action_type="-1" position="21">
      <path value="root" />
      <path value="Project View Popup Menu" />
      <path value="New" />
      <option name="myInitialPosition" value="-1" />
    </group>
    <group value="VersionControlsGroup" is_group="true" forse_popup="false" action_type="-1" position="21">
      <path value="root" />
      <path value="Navigation Bar Popup Menu" />
      <option name="myInitialPosition" value="-1" />
    </group>
    <group value="popup@ExpandableBookmarkContextMenu" is_group="true" forse_popup="false" action_type="-1" position="20">
      <path value="root" />
      <path value="Project View Popup Menu" />
      <option name="myInitialPosition" value="-1" />
    </group>
    <group value="CreateEditorConfigFile" is_action="true" action_type="-1" position="20">
      <path value="root" />
      <path value="Project View Popup Menu" />
      <path value="New" />
      <option name="myInitialPosition" value="-1" />
    </group>
    <group seperator="true" action_type="-1" position="19">
      <path value="root" />
      <path value="Project View Popup Menu" />
      <option name="myInitialPosition" value="-1" />
    </group>
    <group seperator="true" action_type="-1" position="18">
      <path value="root" />
      <path value="Editor Popup Menu" />
      <option name="myInitialPosition" value="-1" />
    </group>
    <group value="CleanPyc" is_action="true" action_type="-1" position="18">
      <path value="root" />
      <path value="Project View Popup Menu" />
      <option name="myInitialPosition" value="-1" />
    </group>
    <group value="NewFromTemplate" is_group="true" forse_popup="false" action_type="-1" position="18">
      <path value="root" />
      <path value="Project View Popup Menu" />
      <path value="New" />
      <option name="myInitialPosition" value="-1" />
    </group>
    <group seperator="true" action_type="-1" position="18">
      <path value="root" />
      <path value="Navigation Bar Popup Menu" />
      <option name="myInitialPosition" value="-1" />
    </group>
    <group value="$SearchWeb" is_action="true" action_type="-1" position="17">
      <path value="root" />
      <path value="Editor Popup Menu" />
      <option name="myInitialPosition" value="-1" />
    </group>
    <group value="UnsplitAll" is_action="true" action_type="-1" position="17">
      <path value="root" />
      <path value="Editor Tab Popup Menu" />
      <option name="myInitialPosition" value="-1" />
    </group>
    <group value="ProjectViewPopupMenuRefactoringGroup" is_group="true" forse_popup="false" action_type="-1" position="17">
      <path value="root" />
      <path value="Project View Popup Menu" />
      <option name="myInitialPosition" value="-1" />
    </group>
    <group seperator="true" action_type="-1" position="16">
      <path value="root" />
      <path value="Editor Popup Menu" />
      <option name="myInitialPosition" value="-1" />
    </group>
    <group value="PlantUML.NewPlantUML" is_group="true" forse_popup="false" action_type="-1" position="16">
      <path value="root" />
      <path value="Project View Popup Menu" />
      <path value="New" />
      <option name="myInitialPosition" value="-1" />
    </group>
    <group seperator="true" action_type="-1" position="16">
      <path value="root" />
      <path value="Project View Popup Menu" />
      <path value="Project View Popup Refactoring Group" />
      <path value="Refactor" />
      <option name="myInitialPosition" value="-1" />
    </group>
    <group value="EditorPopupMenu3" is_group="true" forse_popup="false" action_type="-1" position="15">
      <path value="root" />
      <path value="Editor Popup Menu" />
      <option name="myInitialPosition" value="-1" />
    </group>
    <group value="Kotlin.NewScript" is_action="true" action_type="-1" position="15">
      <path value="root" />
      <path value="Project View Popup Menu" />
      <path value="New" />
      <option name="myInitialPosition" value="-1" />
    </group>
    <group value="SafeDelete" is_action="true" action_type="-1" position="15">
      <path value="root" />
      <path value="Project View Popup Menu" />
      <path value="Project View Popup Refactoring Group" />
      <path value="Refactor" />
      <option name="myInitialPosition" value="-1" />
    </group>
    <group value="ProjectViewPopupMenuRefactoringGroup" is_group="true" forse_popup="false" action_type="-1" position="15">
      <path value="root" />
      <path value="Navigation Bar Popup Menu" />
      <option name="myInitialPosition" value="-1" />
    </group>
    <group seperator="true" action_type="-1" position="14">
      <path value="root" />
      <path value="Main Menu" />
      <path value="Help" />
      <option name="myInitialPosition" value="-1" />
    </group>
    <group seperator="true" action_type="-1" position="14">
      <path value="root" />
      <path value="Editor Popup Menu" />
      <option name="myInitialPosition" value="-1" />
    </group>
    <group value="AnalyzeMenu" is_group="true" forse_popup="false" action_type="-1" position="14">
      <path value="root" />
      <path value="Project View Popup Menu" />
      <option name="myInitialPosition" value="-1" />
    </group>
    <group value="NewMicroservices" is_group="true" forse_popup="false" action_type="-1" position="14">
      <path value="root" />
      <path value="Project View Popup Menu" />
      <path value="New" />
      <option name="myInitialPosition" value="-1" />
    </group>
    <group value="CopyElement" is_action="true" action_type="-1" position="14">
      <path value="root" />
      <path value="Project View Popup Menu" />
      <path value="Project View Popup Refactoring Group" />
      <path value="Refactor" />
      <option name="myInitialPosition" value="-1" />
    </group>
    <group seperator="true" action_type="-1" position="14">
      <path value="root" />
      <path value="Navigation Bar Popup Menu" />
      <option name="myInitialPosition" value="-1" />
    </group>
    <group value="SendFeedback" is_action="true" action_type="-1" position="13">
      <path value="root" />
      <path value="Main Menu" />
      <path value="Help" />
      <option name="myInitialPosition" value="-1" />
    </group>
    <group value="EditorPopupMenu2" is_group="true" forse_popup="false" action_type="-1" position="13">
      <path value="root" />
      <path value="Editor Popup Menu" />
      <option name="myInitialPosition" value="-1" />
    </group>
    <group value="NewDockerfile" is_action="true" action_type="-1" position="13">
      <path value="root" />
      <path value="Project View Popup Menu" />
      <path value="New" />
      <option name="myInitialPosition" value="-1" />
    </group>
    <group value="Move" is_action="true" action_type="-1" position="13">
      <path value="root" />
      <path value="Project View Popup Menu" />
      <path value="Project View Popup Refactoring Group" />
      <path value="Refactor" />
      <option name="myInitialPosition" value="-1" />
    </group>
    <group value="AnalyzeMenu" is_group="true" forse_popup="false" action_type="-1" position="13">
      <path value="root" />
      <path value="Navigation Bar Popup Menu" />
      <option name="myInitialPosition" value="-1" />
    </group>
    <group value="ReportProblem" is_action="true" action_type="-1" position="12">
      <path value="root" />
      <path value="Main Menu" />
      <path value="Help" />
      <option name="myInitialPosition" value="-1" />
    </group>
    <group seperator="true" action_type="-1" position="12">
      <path value="root" />
      <path value="Editor Popup Menu" />
      <option name="myInitialPosition" value="-1" />
    </group>
    <group value="MoveTabDown" is_action="true" action_type="-1" position="12">
      <path value="root" />
      <path value="Editor Tab Popup Menu" />
      <option name="myInitialPosition" value="-1" />
    </group>
    <group value="FindInPath" is_action="true" action_type="-1" position="12">
      <path value="root" />
      <path value="Project View Popup Menu" />
      <option name="myInitialPosition" value="-1" />
    </group>
    <group value="ReplaceInPath" is_action="true" action_type="-1" position="12">
      <path value="root" />
      <path value="Navigation Bar Popup Menu" />
      <option name="myInitialPosition" value="-1" />
    </group>
    <group value="TechnicalSupport" is_action="true" action_type="-1" position="11">
      <path value="root" />
      <path value="Main Menu" />
      <path value="Help" />
      <option name="myInitialPosition" value="-1" />
    </group>
    <group value="RenameFile" is_action="true" action_type="-1" position="11">
      <path value="root" />
      <path value="Editor Tab Popup Menu" />
      <path value="Editor Tab Popup Menu Actions (1)" />
      <option name="myInitialPosition" value="-1" />
    </group>
    <group value="NewPythonFile" is_action="true" action_type="-1" position="11">
      <path value="root" />
      <path value="Project View Popup Menu" />
      <path value="New" />
      <option name="myInitialPosition" value="-1" />
    </group>
    <group value="FindInPath" is_action="true" action_type="-1" position="11">
      <path value="root" />
      <path value="Navigation Bar Popup Menu" />
      <option name="myInitialPosition" value="-1" />
    </group>
    <group seperator="true" action_type="-1" position="10">
      <path value="root" />
      <path value="Editor Popup Menu" />
      <option name="myInitialPosition" value="-1" />
    </group>
    <group value="MoveTabRight" is_action="true" action_type="-1" position="10">
      <path value="root" />
      <path value="Editor Tab Popup Menu" />
      <option name="myInitialPosition" value="-1" />
    </group>
    <group value="ProductivityFeatures" is_group="true" forse_popup="false" action_type="-1" position="9">
      <path value="root" />
      <path value="Main Menu" />
      <path value="Help" />
      <option name="myInitialPosition" value="-1" />
    </group>
    <group value="Markdown.EditorContextMenuGroup" is_group="true" forse_popup="false" action_type="-1" position="9">
      <path value="root" />
      <path value="Editor Popup Menu" />
      <option name="myInitialPosition" value="-1" />
    </group>
    <group seperator="true" action_type="-1" position="9">
      <path value="root" />
      <path value="Editor Tab Popup Menu" />
      <path value="Editor Tab Popup Menu Actions (1)" />
      <option name="myInitialPosition" value="-1" />
    </group>
    <group seperator="true" action_type="-1" position="9">
      <path value="root" />
      <path value="Navigation Bar Popup Menu" />
      <option name="myInitialPosition" value="-1" />
    </group>
    <group value="EditorToggleColumnMode" is_action="true" action_type="-1" position="8">
      <path value="root" />
      <path value="Editor Popup Menu" />
      <option name="myInitialPosition" value="-1" />
    </group>
    <group value="VersionControlsGroup" is_group="true" forse_popup="false" action_type="-1" position="8">
      <path value="root" />
      <path value="Editor Tab Popup Menu" />
      <path value="Editor Tab Popup Menu Actions (1)" />
      <option name="myInitialPosition" value="-1" />
    </group>
    <group value="ViewMembersInNavigationBar" is_action="true" action_type="-1" position="8">
      <path value="root" />
      <path value="Navigation Bar Popup Menu" />
      <option name="myInitialPosition" value="-1" />
    </group>
    <group value="JsonCopyPointer" is_action="true" action_type="-1" position="7">
      <path value="root" />
      <path value="Editor Popup Menu" />
      <option name="myInitialPosition" value="-1" />
    </group>
    <group value="CloseAllReadonly" is_action="true" action_type="-1" position="7">
      <path value="root" />
      <path value="Editor Tab Popup Menu" />
      <path value="Editor Close Actions" />
      <option name="myInitialPosition" value="-1" />
    </group>
    <group value="FileEditor.ImportToDatabase.Group" is_group="true" forse_popup="false" action_type="-1" position="7">
      <path value="root" />
      <path value="Project View Popup Menu" />
      <option name="myInitialPosition" value="-1" />
    </group>
    <group value="ViewNavigationBar" is_action="true" action_type="-1" position="7">
      <path value="root" />
      <path value="Navigation Bar Popup Menu" />
      <option name="myInitialPosition" value="-1" />
    </group>
    <group value="OnlineDocAction" is_action="true" action_type="-1" position="6">
      <path value="root" />
      <path value="Main Menu" />
      <path value="Help" />
      <option name="myInitialPosition" value="-1" />
    </group>
    <group value="Copy.Paste.Special" is_group="true" forse_popup="false" action_type="-1" position="6">
      <path value="root" />
      <path value="Editor Popup Menu" />
      <option name="myInitialPosition" value="-1" />
    </group>
    <group value="com.sburlyaev.cmd.plugin.actions.SetAsDefaultDirectoryAction" is_action="true" action_type="-1" position="6">
      <path value="root" />
      <path value="Editor Popup Menu" />
      <path value="Editor Popup Menu Actions (2)" />
      <path value="Compile/Run Actions" />
      <path value="Run Configurations" />
      <option name="myInitialPosition" value="-1" />
    </group>
    <group value="EditorGutterPopupMenu.Appearance" is_group="true" forse_popup="false" action_type="-1" position="6">
      <path value="root" />
      <path value="Editor Gutter Popup Menu" />
      <option name="myInitialPosition" value="-1" />
    </group>
    <group value="CloseAllToTheRight" is_action="true" action_type="-1" position="6">
      <path value="root" />
      <path value="Editor Tab Popup Menu" />
      <path value="Editor Close Actions" />
      <option name="myInitialPosition" value="-1" />
    </group>
    <group value="RunContextPopupGroup" is_group="true" forse_popup="false" action_type="-1" position="6">
      <path value="root" />
      <path value="Editor Tab Popup Menu" />
      <path value="Editor Tab Popup Menu Actions (1)" />
      <option name="myInitialPosition" value="-1" />
    </group>
    <group value="CutCopyPasteGroup" is_group="true" forse_popup="false" action_type="-1" position="6">
      <path value="root" />
      <path value="Project View Popup Menu" />
      <option name="myInitialPosition" value="-1" />
    </group>
    <group value="NewScratchFile" is_action="true" action_type="-1" position="6">
      <path value="root" />
      <path value="Project View Popup Menu" />
      <path value="New" />
      <option name="myInitialPosition" value="-1" />
    </group>
    <group value="MarkFileAs" is_group="true" forse_popup="false" action_type="-1" position="6">
      <path value="root" />
      <path value="Project View Popup Menu" />
      <path value="Project View Popup Menu Modify Group" />
      <option name="myInitialPosition" value="-1" />
    </group>
    <group value="com.sburlyaev.cmd.plugin.actions.SetAsDefaultDirectoryAction" is_action="true" action_type="-1" position="6">
      <path value="root" />
      <path value="Project View Popup Menu" />
      <path value="Project View Popup Menu Run Group" />
      <path value="Run Configurations" />
      <option name="myInitialPosition" value="-1" />
    </group>
    <group seperator="true" action_type="-1" position="6">
      <path value="root" />
      <path value="Navigation Bar Popup Menu" />
      <option name="myInitialPosition" value="-1" />
    </group>
    <group value="MarkFileAs" is_group="true" forse_popup="false" action_type="-1" position="6">
      <path value="root" />
      <path value="Navigation Bar Popup Menu" />
      <path value="Project View Popup Menu Modify Group" />
      <option name="myInitialPosition" value="-1" />
    </group>
    <group value="MeetNewUIAction" is_action="true" action_type="-1" position="5">
      <path value="root" />
      <path value="Main Menu" />
      <path value="Help" />
      <option name="myInitialPosition" value="-1" />
    </group>
    <group value="$Paste" is_action="true" action_type="-1" position="5">
      <path value="root" />
      <path value="Editor Popup Menu" />
      <option name="myInitialPosition" value="-1" />
    </group>
    <group seperator="true" action_type="-1" position="5">
      <path value="root" />
      <path value="Editor Gutter Popup Menu" />
      <option name="myInitialPosition" value="-1" />
    </group>
    <group value="CloseAllToTheLeft" is_action="true" action_type="-1" position="5">
      <path value="root" />
      <path value="Editor Tab Popup Menu" />
      <path value="Editor Close Actions" />
      <option name="myInitialPosition" value="-1" />
    </group>
    <group value="ModifyObject" is_action="true" action_type="-1" position="5">
      <path value="root" />
      <path value="Project View Popup Menu" />
      <path value="Project View Popup Refactoring Group" />
      <path value="Refactor" />
      <option name="myInitialPosition" value="-1" />
    </group>
    <group value="sql.ChangeDialect" is_action="true" action_type="-1" position="5">
      <path value="root" />
      <path value="Project View Popup Menu" />
      <path value="Project View Popup Menu Modify Group" />
      <option name="myInitialPosition" value="-1" />
    </group>
    <group value="sql.ChangeDialect" is_action="true" action_type="-1" position="5">
      <path value="root" />
      <path value="Navigation Bar Popup Menu" />
      <path value="Project View Popup Menu Modify Group" />
      <option name="myInitialPosition" value="-1" />
    </group>
    <group value="NavBarToolBarOthers" is_group="true" forse_popup="false" action_type="-1" position="5">
      <path value="root" />
      <path value="Navigation Bar Toolbar" />
      <option name="myInitialPosition" value="-1" />
    </group>
    <group value="cc.whatsnew.dialog.open" is_action="true" action_type="-1" position="4">
      <path value="root" />
      <path value="Main Menu" />
      <path value="Help" />
      <option name="myInitialPosition" value="-1" />
    </group>
    <group value="CopyAsRichText" is_action="true" action_type="-1" position="4">
      <path value="root" />
      <path value="Editor Popup Menu" />
      <option name="myInitialPosition" value="-1" />
    </group>
    <group seperator="true" action_type="-1" position="4">
      <path value="root" />
      <path value="Editor Gutter Popup Menu" />
      <option name="myInitialPosition" value="-1" />
    </group>
    <group value="RestoreDefaultExtensionScripts" is_action="true" action_type="-1" position="4">
      <path value="root" />
      <path value="Project View Popup Menu" />
      <option name="myInitialPosition" value="-1" />
    </group>
    <group value="Kotlin.NewFile" is_action="true" action_type="-1" position="4">
      <path value="root" />
      <path value="Project View Popup Menu" />
      <path value="New" />
      <option name="myInitialPosition" value="-1" />
    </group>
    <group value="DatabaseView.Ddl.AlterObject" is_action="true" action_type="-1" position="4">
      <path value="root" />
      <path value="Project View Popup Menu" />
      <path value="Project View Popup Refactoring Group" />
      <path value="Refactor" />
      <option name="myInitialPosition" value="-1" />
    </group>
    <group value="Scratch.ChangeLanguage" is_action="true" action_type="-1" position="4">
      <path value="root" />
      <path value="Project View Popup Menu" />
      <path value="Project View Popup Menu Modify Group" />
      <option name="myInitialPosition" value="-1" />
    </group>
    <group value="MarkRootGroup" is_group="true" forse_popup="false" action_type="-1" position="4">
      <path value="root" />
      <path value="Project View Popup Menu" />
      <path value="Project View Popup Menu Settings Group" />
      <option name="myInitialPosition" value="-1" />
    </group>
    <group value="Scratch.ChangeLanguage" is_action="true" action_type="-1" position="4">
      <path value="root" />
      <path value="Navigation Bar Popup Menu" />
      <path value="Project View Popup Menu Modify Group" />
      <option name="myInitialPosition" value="-1" />
    </group>
    <group value="WhatsNewAction" is_action="true" action_type="-1" position="3">
      <path value="root" />
      <path value="Main Menu" />
      <path value="Help" />
      <option name="myInitialPosition" value="-1" />
    </group>
    <group value="$Copy" is_action="true" action_type="-1" position="3">
      <path value="root" />
      <path value="Editor Popup Menu" />
      <option name="myInitialPosition" value="-1" />
    </group>
    <group value="CloseAllUnmodifiedEditors" is_action="true" action_type="-1" position="3">
      <path value="root" />
      <path value="Editor Tab Popup Menu" />
      <path value="Editor Close Actions" />
      <option name="myInitialPosition" value="-1" />
    </group>
    <group value="MarkFileAs" is_group="true" forse_popup="false" action_type="-1" position="3">
      <path value="root" />
      <path value="Editor Tab Popup Menu" />
      <path value="Editor Tab Popup Menu Actions (1)" />
      <option name="myInitialPosition" value="-1" />
    </group>
    <group value="AssociateWithFileType" is_action="true" action_type="-1" position="3">
      <path value="root" />
      <path value="Project View Popup Menu" />
      <option name="myInitialPosition" value="-1" />
    </group>
    <group value="NewGroup1" is_group="true" forse_popup="false" action_type="-1" position="3">
      <path value="root" />
      <path value="Project View Popup Menu" />
      <path value="New" />
      <option name="myInitialPosition" value="-1" />
    </group>
    <group value="$Delete" is_action="true" action_type="-1" position="3">
      <path value="root" />
      <path value="Project View Popup Menu" />
      <path value="Project View Popup Menu Modify Group" />
      <option name="myInitialPosition" value="-1" />
    </group>
    <group value="RevealGroup" is_group="true" forse_popup="false" action_type="-1" position="3">
      <path value="root" />
      <path value="Project View Popup Menu" />
      <path value="Project View Popup Menu Run Group" />
      <path value="Run Configurations" />
      <option name="myInitialPosition" value="-1" />
    </group>
    <group value="CutCopyPasteGroup" is_group="true" forse_popup="false" action_type="-1" position="3">
      <path value="root" />
      <path value="Navigation Bar Popup Menu" />
      <option name="myInitialPosition" value="-1" />
    </group>
    <group value="$Delete" is_action="true" action_type="-1" position="3">
      <path value="root" />
      <path value="Navigation Bar Popup Menu" />
      <path value="Project View Popup Menu Modify Group" />
      <option name="myInitialPosition" value="-1" />
    </group>
    <group value="Profiler" is_group="true" forse_popup="false" action_type="-1" position="3">
      <path value="root" />
      <path value="Navigation Bar Toolbar" />
      <path value="Toolbar Run Actions" />
      <path value="Run/Debug" />
      <option name="myInitialPosition" value="-1" />
    </group>
    <group value="$Cut" is_action="true" action_type="-1" position="2">
      <path value="root" />
      <path value="Editor Popup Menu" />
      <option name="myInitialPosition" value="-1" />
    </group>
    <group seperator="true" action_type="-1" position="2">
      <path value="root" />
      <path value="Editor Popup Menu" />
      <path value="Editor Popup Menu Actions (1)" />
      <path value="EditorPopupMenu1.FindRefactor" />
      <option name="myInitialPosition" value="-1" />
    </group>
    <group value="Generate" is_action="true" action_type="-1" position="2">
      <path value="root" />
      <path value="Editor Popup Menu" />
      <path value="Editor Popup Menu Actions (2)" />
      <option name="myInitialPosition" value="-1" />
    </group>
    <group value="EditorToggleUseSoftWraps" is_action="true" action_type="-1" position="2">
      <path value="root" />
      <path value="Editor Gutter Popup Menu" />
      <option name="myInitialPosition" value="-1" />
    </group>
    <group value="AddNewPropertyFile" is_action="true" action_type="-1" position="2">
      <path value="root" />
      <path value="Project View Popup Menu" />
      <path value="New" />
      <option name="myInitialPosition" value="-1" />
    </group>
    <group value="RefactoringMenuRenameFile" is_group="true" forse_popup="false" action_type="-1" position="2">
      <path value="root" />
      <path value="Project View Popup Menu" />
      <path value="Project View Popup Refactoring Group" />
      <path value="Refactor" />
      <option name="myInitialPosition" value="-1" />
    </group>
    <group value="OptimizeImports" is_action="true" action_type="-1" position="2">
      <path value="root" />
      <path value="Project View Popup Menu" />
      <path value="Project View Popup Menu Modify Group" />
      <option name="myInitialPosition" value="-1" />
    </group>
    <group value="OptimizeImports" is_action="true" action_type="-1" position="2">
      <path value="root" />
      <path value="Navigation Bar Popup Menu" />
      <path value="Project View Popup Menu Modify Group" />
      <option name="myInitialPosition" value="-1" />
    </group>
    <group value="Coverage" is_action="true" action_type="-1" position="2">
      <path value="root" />
      <path value="Navigation Bar Toolbar" />
      <path value="Toolbar Run Actions" />
      <path value="Run/Debug" />
      <option name="myInitialPosition" value="-1" />
    </group>
    <group seperator="true" action_type="-1" position="1">
      <path value="root" />
      <path value="Main Menu" />
      <path value="Help" />
      <option name="myInitialPosition" value="-1" />
    </group>
    <group value="LightEditModePopup" is_group="true" forse_popup="false" action_type="-1" position="1">
      <path value="root" />
      <path value="Editor Popup Menu" />
      <option name="myInitialPosition" value="-1" />
    </group>
    <group value="OpenInRightSplit" is_action="true" action_type="-1" position="1">
      <path value="root" />
      <path value="Editor Popup Menu" />
      <path value="Editor Popup Menu Actions (2)" />
      <path value="Compile/Run Actions" />
      <path value="Run Configurations" />
      <option name="myInitialPosition" value="-1" />
    </group>
    <group value="DefaultProfilerExecutorGroupContextActionId" is_group="true" forse_popup="false" action_type="-1" position="1">
      <path value="root" />
      <path value="Editor Popup Menu" />
      <path value="Editor Popup Menu Actions (2)" />
      <path value="Compile/Run Actions" />
      <path value="Run Configurations" />
      <path value="RunContextGroup" />
      <path value="RunContextGroupInner" />
      <path value="More Run/Debug" />
      <option name="myInitialPosition" value="-1" />
    </group>
    <group value="popup@BookmarkContextMenu" is_group="true" forse_popup="false" action_type="-1" position="1">
      <path value="root" />
      <path value="Editor Gutter Popup Menu" />
      <option name="myInitialPosition" value="-1" />
    </group>
    <group value="WebResourcesGroup" is_group="true" forse_popup="false" action_type="-1" position="1">
      <path value="root" />
      <path value="Project View Popup Menu" />
      <path value="New" />
      <option name="myInitialPosition" value="-1" />
    </group>
    <group value="RenameElement" is_action="true" action_type="-1" position="1">
      <path value="root" />
      <path value="Project View Popup Menu" />
      <path value="Project View Popup Refactoring Group" />
      <path value="Refactor" />
      <option name="myInitialPosition" value="-1" />
    </group>
    <group value="ReformatCode" is_action="true" action_type="-1" position="1">
      <path value="root" />
      <path value="Project View Popup Menu" />
      <path value="Project View Popup Menu Modify Group" />
      <option name="myInitialPosition" value="-1" />
    </group>
    <group value="OpenInRightSplit" is_action="true" action_type="-1" position="1">
      <path value="root" />
      <path value="Project View Popup Menu" />
      <path value="Project View Popup Menu Run Group" />
      <path value="Run Configurations" />
      <option name="myInitialPosition" value="-1" />
    </group>
    <group value="AssociateWithFileType" is_action="true" action_type="-1" position="1">
      <path value="root" />
      <path value="Navigation Bar Popup Menu" />
      <option name="myInitialPosition" value="-1" />
    </group>
    <group value="ReformatCode" is_action="true" action_type="-1" position="1">
      <path value="root" />
      <path value="Navigation Bar Popup Menu" />
      <path value="Project View Popup Menu Modify Group" />
      <option name="myInitialPosition" value="-1" />
    </group>
    <group value="OpenInRightSplit" is_action="true" action_type="-1" position="1">
      <path value="root" />
      <path value="Navigation Bar Popup Menu" />
      <path value="Project View Popup Menu Run Group" />
      <path value="Run Configurations" />
      <option name="myInitialPosition" value="-1" />
    </group>
    <group value="ShowIntentionsGroup" is_group="true" forse_popup="false" action_type="-1" position="0">
      <path value="root" />
      <path value="Editor Popup Menu" />
      <option name="myInitialPosition" value="-1" />
    </group>
    <group value="FindSelectionInPath" is_action="true" action_type="-1" position="0">
      <path value="root" />
      <path value="Editor Popup Menu" />
      <path value="Editor Popup Menu Actions (1)" />
      <option name="myInitialPosition" value="-1" />
    </group>
    <group value="FindUsages" is_action="true" action_type="-1" position="0">
      <path value="root" />
      <path value="Editor Popup Menu" />
      <path value="Editor Popup Menu Actions (1)" />
      <path value="EditorPopupMenu1.FindRefactor" />
      <option name="myInitialPosition" value="-1" />
    </group>
    <group seperator="true" action_type="-1" position="0">
      <path value="root" />
      <path value="Editor Popup Menu" />
      <path value="Editor Popup Menu Actions (2)" />
      <option name="myInitialPosition" value="-1" />
    </group>
    <group value="RunCoverage" is_group="true" forse_popup="false" action_type="-1" position="0">
      <path value="root" />
      <path value="Editor Popup Menu" />
      <path value="Editor Popup Menu Actions (2)" />
      <path value="Compile/Run Actions" />
      <path value="Run Configurations" />
      <path value="RunContextGroup" />
      <path value="RunContextGroupInner" />
      <path value="More Run/Debug" />
      <option name="myInitialPosition" value="-1" />
    </group>
    <group value="CloseContent" is_action="true" action_type="-1" position="0">
      <path value="root" />
      <path value="Editor Tab Popup Menu" />
      <path value="Editor Close Actions" />
      <option name="myInitialPosition" value="-1" />
    </group>
    <group value="NewPropertyAction" is_action="true" action_type="-1" position="0">
      <path value="root" />
      <path value="Project View Popup Menu" />
      <path value="New" />
      <option name="myInitialPosition" value="-1" />
    </group>
    <group value="ProjectViewAnalysisGroup" is_group="true" forse_popup="false" action_type="-1" position="0">
      <path value="root" />
      <path value="Project View Popup Menu" />
      <path value="Project View Popup Menu Modify Group" />
      <option name="myInitialPosition" value="-1" />
    </group>
    <group value="ProjectViewCompileGroup" is_group="true" forse_popup="false" action_type="-1" position="0">
      <path value="root" />
      <path value="Project View Popup Menu" />
      <path value="Project View Popup Menu Run Group" />
      <option name="myInitialPosition" value="-1" />
    </group>
    <group value="ProjectViewAnalysisGroup" is_group="true" forse_popup="false" action_type="-1" position="0">
      <path value="root" />
      <path value="Navigation Bar Popup Menu" />
      <path value="Project View Popup Menu Modify Group" />
      <option name="myInitialPosition" value="-1" />
    </group>
    <group value="VcsNavBarToolbarActions" is_group="true" forse_popup="false" action_type="-1" position="0">
      <path value="root" />
      <path value="Navigation Bar Toolbar" />
      <path value="NavBarVcsGroup" />
      <option name="myInitialPosition" value="-1" />
    </group>
    <group value="CloseActiveTab" is_action="true" action_type="1" position="0">
      <path value="root" />
      <path value="Editor Tab Popup Menu" />
      <path value="Editor Close Actions" />
      <option name="myInitialPosition" value="-1" />
    </group>
    <group value="ReformatCode" is_action="true" action_type="1" position="0">
      <path value="root" />
      <path value="Project View Popup Menu" />
      <path value="Project View Popup Refactoring Group" />
      <path value="Refactor" />
      <option name="myInitialPosition" value="-1" />
    </group>
    <group value="EditorBreadcrumbsSettings" is_group="true" forse_popup="false" action_type="1" position="1">
      <path value="root" />
      <path value="Editor Gutter Popup Menu" />
      <option name="myInitialPosition" value="-1" />
    </group>
    <group value="NewScratchFile" is_action="true" action_type="1" position="1">
      <path value="root" />
      <path value="Project View Popup Menu" />
      <path value="New" />
      <path value="FileTemplateSeparatorGroup" />
      <option name="myInitialPosition" value="-1" />
    </group>
    <group value="OptimizeImports" is_action="true" action_type="1" position="1">
      <path value="root" />
      <path value="Project View Popup Menu" />
      <path value="Project View Popup Refactoring Group" />
      <path value="Refactor" />
      <option name="myInitialPosition" value="-1" />
    </group>
    <group value="AnalyzeMenu" is_group="true" forse_popup="false" action_type="1" position="1">
      <path value="root" />
      <path value="Navigation Bar Popup Menu" />
      <option name="myInitialPosition" value="-1" />
    </group>
    <group value="ProductivityGuide" is_action="true" action_type="1" position="2">
      <path value="root" />
      <path value="Main Menu" />
      <path value="Help" />
      <option name="myInitialPosition" value="-1" />
    </group>
    <group value="Markdown.EditorContextMenuGroup" is_group="true" forse_popup="false" action_type="1" position="2">
      <path value="root" />
      <path value="Editor Popup Menu" />
      <option name="myInitialPosition" value="-1" />
    </group>
    <group value="ShowGutterIconsSettings" is_action="true" action_type="1" position="2">
      <path value="root" />
      <path value="Editor Gutter Popup Menu" />
      <option name="myInitialPosition" value="-1" />
    </group>
    <group value="ReopenClosedTab" is_action="true" action_type="1" position="2">
      <path value="root" />
      <path value="Editor Tab Popup Menu" />
      <option name="myInitialPosition" value="-1" />
    </group>
    <group value="NewGroup1" is_group="true" forse_popup="false" action_type="1" position="2">
      <path value="root" />
      <path value="Project View Popup Menu" />
      <path value="New" />
      <option name="myInitialPosition" value="-1" />
    </group>
    <group value="Kotlin.NewFile" is_action="true" action_type="1" position="2">
      <path value="root" />
      <path value="Project View Popup Menu" />
      <path value="New" />
      <path value="New Group (1)" />
      <option name="myInitialPosition" value="-1" />
    </group>
    <group value="Kotlin.NewScript" is_action="true" action_type="1" position="2">
      <path value="root" />
      <path value="Project View Popup Menu" />
      <path value="New" />
      <path value="NewJavaSpecialFile" />
      <option name="myInitialPosition" value="-1" />
    </group>
    <group value="ShowFilePath" is_action="true" action_type="1" position="2">
      <path value="root" />
      <path value="Project View Popup Menu" />
      <path value="Project View Popup Menu Run Group" />
      <path value="Run Configurations" />
      <option name="myInitialPosition" value="-1" />
    </group>
    <group value="ProjectViewPopupMenuRefactoringGroup" is_group="true" forse_popup="false" action_type="1" position="2">
      <path value="root" />
      <path value="Navigation Bar Popup Menu" />
      <option name="myInitialPosition" value="-1" />
    </group>
    <group value="Git.Stage.Index.File.Menu" is_group="true" forse_popup="false" action_type="1" position="3">
      <path value="root" />
      <path value="Editor Popup Menu" />
      <option name="myInitialPosition" value="-1" />
    </group>
    <group value="AnalyzeMenu" is_group="true" forse_popup="false" action_type="1" position="3">
      <path value="root" />
      <path value="Project View Popup Menu" />
      <option name="myInitialPosition" value="-1" />
    </group>
    <group value="NewPythonFile" is_action="true" action_type="1" position="3">
      <path value="root" />
      <path value="Project View Popup Menu" />
      <path value="New" />
      <option name="myInitialPosition" value="-1" />
    </group>
    <group value="ProjectViewAnalysisGroup" is_group="true" forse_popup="false" action_type="1" position="3">
      <path value="root" />
      <path value="Project View Popup Menu" />
      <path value="Analyze" />
      <option name="myInitialPosition" value="-1" />
    </group>
    <group value="RevealIn" is_action="true" action_type="1" position="3">
      <path value="root" />
      <path value="Project View Popup Menu" />
      <path value="Project View Popup Menu Run Group" />
      <path value="Run Configurations" />
      <option name="myInitialPosition" value="-1" />
    </group>
    <group value="CompareClipboardWithSelection" is_action="true" action_type="1" position="4">
      <path value="root" />
      <path value="Editor Popup Menu" />
      <option name="myInitialPosition" value="-1" />
    </group>
    <group value="newConfigurationRunCoverage" is_group="true" forse_popup="false" action_type="1" position="4">
      <path value="root" />
      <path value="Editor Popup Menu" />
      <path value="Editor Popup Menu Actions (2)" />
      <path value="Compile/Run Actions" />
      <path value="Run Configurations" />
      <path value="RunContextGroup" />
      <path value="RunContextGroupInner" />
      <path value="More Run/Debug" />
      <option name="myInitialPosition" value="-1" />
    </group>
    <group value="EditorToggleUseSoftWraps" is_action="true" action_type="1" position="4">
      <path value="root" />
      <path value="Editor Gutter Popup Menu" />
      <option name="myInitialPosition" value="-1" />
    </group>
    <group value="ProjectViewPopupMenuRefactoringGroup" is_group="true" forse_popup="false" action_type="1" position="4">
      <path value="root" />
      <path value="Project View Popup Menu" />
      <option name="myInitialPosition" value="-1" />
    </group>
    <group value="EditorPopupMenu2" is_group="true" forse_popup="false" action_type="1" position="5">
      <path value="root" />
      <path value="Editor Popup Menu" />
      <option name="myInitialPosition" value="-1" />
    </group>
    <group value="newConfigurationDefaultProfilerExecutorGroupContextActionId" is_group="true" forse_popup="false" action_type="1" position="5">
      <path value="root" />
      <path value="Editor Popup Menu" />
      <path value="Editor Popup Menu Actions (2)" />
      <path value="Compile/Run Actions" />
      <path value="Run Configurations" />
      <path value="RunContextGroup" />
      <path value="RunContextGroupInner" />
      <path value="More Run/Debug" />
      <option name="myInitialPosition" value="-1" />
    </group>
    <group value="EditorGutterToggleGlobalLineNumbers" is_action="true" action_type="1" position="5">
      <path value="root" />
      <path value="Editor Gutter Popup Menu" />
      <option name="myInitialPosition" value="-1" />
    </group>
    <group value="EditorGutterToggleGlobalIndentLines" is_action="true" action_type="1" position="6">
      <path value="root" />
      <path value="Editor Gutter Popup Menu" />
      <option name="myInitialPosition" value="-1" />
    </group>
    <group value="HTTP.Request.NewFile" is_action="true" action_type="1" position="6">
      <path value="root" />
      <path value="Project View Popup Menu" />
      <path value="New" />
      <path value="Web Development Templates" />
      <option name="myInitialPosition" value="-1" />
    </group>
    <group value="XDebugger.Show.Breakpoints.Over.Line.Numbers" is_action="true" action_type="1" position="7">
      <path value="root" />
      <path value="Editor Gutter Popup Menu" />
      <option name="myInitialPosition" value="-1" />
    </group>
    <group value="CreateOpenapiSpecification" is_action="true" action_type="1" position="7">
      <path value="root" />
      <path value="Project View Popup Menu" />
      <path value="New" />
      <path value="Web Development Templates" />
      <option name="myInitialPosition" value="-1" />
    </group>
    <group seperator="true" action_type="1" position="8">
      <path value="root" />
      <path value="Navigation Bar Popup Menu" />
      <path value="Project View Popup Menu Settings Group" />
      <option name="myInitialPosition" value="-1" />
    </group>
    <group value="NewPropertyAction" is_action="true" action_type="1" position="10">
      <path value="root" />
      <path value="Project View Popup Menu" />
      <path value="New" />
      <option name="myInitialPosition" value="-1" />
    </group>
    <group value="AddNewPropertyFile" is_action="true" action_type="1" position="11">
      <path value="root" />
      <path value="Project View Popup Menu" />
      <path value="New" />
      <option name="myInitialPosition" value="-1" />
    </group>
    <group value="FindUsages" is_action="true" action_type="1" position="14">
      <path value="root" />
      <path value="Editor Popup Menu" />
      <path value="Editor Popup Menu Actions (1)" />
      <path value="EditorPopupMenu1.FindRefactor" />
      <path value="Go To" />
      <option name="myInitialPosition" value="-1" />
    </group>
    <group value="FindSelectionInPath" is_action="true" action_type="1" position="15">
      <path value="root" />
      <path value="Editor Popup Menu" />
      <path value="Editor Popup Menu Actions (1)" />
      <path value="EditorPopupMenu1.FindRefactor" />
      <path value="Go To" />
      <option name="myInitialPosition" value="-1" />
    </group>
    <group value="JsonCopyPointer" is_action="true" action_type="1" position="16">
      <path value="root" />
      <path value="Editor Popup Menu" />
      <path value="Editor Popup Menu Actions (1)" />
      <path value="EditorPopupMenu1.FindRefactor" />
      <path value="Go To" />
      <option name="myInitialPosition" value="-1" />
    </group>
    <group value="Scratch.ChangeLanguage" is_action="true" action_type="1" position="21">
      <path value="root" />
      <path value="Project View Popup Menu" />
      <path value="Project View Popup Refactoring Group" />
      <path value="Refactor" />
      <option name="myInitialPosition" value="-1" />
    </group>
    <group value="sql.ChangeDialect" is_action="true" action_type="1" position="22">
      <path value="root" />
      <path value="Project View Popup Menu" />
      <path value="Project View Popup Refactoring Group" />
      <path value="Refactor" />
      <option name="myInitialPosition" value="-1" />
    </group>
    <group value="ProjectViewAnalysisGroup" is_group="true" forse_popup="false" action_type="1" position="27">
      <path value="root" />
      <path value="Navigation Bar Popup Menu" />
      <path value="Project View Popup Refactoring Group" />
      <path value="Refactor" />
      <option name="myInitialPosition" value="-1" />
    </group>
    <group value="ReformatCode" is_action="true" action_type="1" position="28">
      <path value="root" />
      <path value="Navigation Bar Popup Menu" />
      <path value="Project View Popup Refactoring Group" />
      <path value="Refactor" />
      <option name="myInitialPosition" value="-1" />
    </group>
    <group value="OptimizeImports" is_action="true" action_type="1" position="29">
      <path value="root" />
      <path value="Navigation Bar Popup Menu" />
      <path value="Project View Popup Refactoring Group" />
      <path value="Refactor" />
      <option name="myInitialPosition" value="-1" />
    </group>
    <group value="Scratch.ChangeLanguage" is_action="true" action_type="1" position="30">
      <path value="root" />
      <path value="Navigation Bar Popup Menu" />
      <path value="Project View Popup Refactoring Group" />
      <path value="Refactor" />
      <option name="myInitialPosition" value="-1" />
    </group>
    <group value="sql.ChangeDialect" is_action="true" action_type="1" position="31">
      <path value="root" />
      <path value="Navigation Bar Popup Menu" />
      <path value="Project View Popup Refactoring Group" />
      <path value="Refactor" />
      <option name="myInitialPosition" value="-1" />
    </group>
    <group value="MarkFileAs" is_group="true" forse_popup="false" action_type="1" position="32">
      <path value="root" />
      <path value="Navigation Bar Popup Menu" />
      <path value="Project View Popup Refactoring Group" />
      <path value="Refactor" />
      <option name="myInitialPosition" value="-1" />
    </group>
  </component>
</application>