<application>
  <component name="ProjectManager">
    <defaultProject>
      <component name="ProjectViewState">
        <option name="autoscrollToSource" value="true" />
        <option name="flattenModules" value="true" />
        <option name="showLibraryContents" value="true" />
        <option name="showVisibilityIcons" value="true" />
      </component>
      <component name="PropertiesComponent">{
  &quot;keyToString&quot;: {
    &quot;last_opened_file_path&quot;: &quot;C:/Users/Name/..My/IdeaProjects&quot;,
    &quot;project.structure.last.edited&quot;: &quot;Global Libraries&quot;,
    &quot;project.structure.proportion&quot;: &quot;0.0&quot;,
    &quot;project.structure.side.proportion&quot;: &quot;0.2&quot;,
    &quot;settings.editor.selected.configurable&quot;: &quot;preferences.lookFeel&quot;
  }
}</component>
      <component name="TaskManager">
        <task active="true" id="Default" summary="Default task">
          <created>1709154537207</created>
          <option name="number" value="Default" />
          <option name="presentableId" value="Default" />
          <updated>1709154537207</updated>
        </task>
        <servers />
      </component>
      <component name="WindowStateProjectService">
        <state x="610" y="295" key="SettingsEditor" timestamp="1715254704660">
          <screen x="0" y="0" width="1920" height="1080" />
        </state>
        <state x="610" y="295" key="SettingsEditor/0.0.1920.1080" timestamp="1715254704660" />
      </component>
      <component name="masterDetails">
        <states>
          <state key="GlobalLibrariesConfigurable.UI">
            <settings>
              <last-edited>bootstrap</last-edited>
              <splitter-proportions>
                <option name="proportions">
                  <list>
                    <option value="0.2" />
                  </list>
                </option>
              </splitter-proportions>
            </settings>
          </state>
          <state key="JdkListConfigurable.UI">
            <settings>
              <last-edited>19</last-edited>
              <splitter-proportions>
                <option name="proportions">
                  <list>
                    <option value="0.2" />
                  </list>
                </option>
              </splitter-proportions>
            </settings>
          </state>
          <state key="ProjectLibrariesConfigurable.UI">
            <settings>
              <splitter-proportions>
                <option name="proportions">
                  <list>
                    <option value="0.2" />
                  </list>
                </option>
              </splitter-proportions>
            </settings>
          </state>
        </states>
      </component>
    </defaultProject>
  </component>
</application>