<application>
  <component name="CachedDictionaryState">
    <words>
      <w>andrzejewski</w>
      <w>autoupdate</w>
      <w>caddyfile</w>
      <w>cloudflared</w>
      <w>cruddao</w>
      <w>datasources</w>
      <w>debuff</w>
      <w>debuffed</w>
      <w>debuffs</w>
      <w>entrypoints</w>
      <w>euclids</w>
      <w>gitserv</w>
      <w>hiddenmethod</w>
      <w>jakartaee</w>
      <w>johnrengelman</w>
      <w>kocimiętka</w>
      <w>monand</w>
      <w>monandszy</w>
      <w>nonroot</w>
      <w>npipe</w>
      <w>nulled</w>
      <w>openapitools</w>
      <w>pesel</w>
      <w>postgre</w>
      <w>postresql</w>
      <w>projectlombok</w>
      <w>relock</w>
      <w>smth</w>
      <w>springsecurity</w>
      <w>traefik</w>
      <w>vins</w>
      <w>whoami</w>
      <w>zajavka</w>
    </words>
  </component>
</application>