<keymap version="1" name="My 2023" parent="$default">
  <action id="ActivateDatabaseToolWindow">
    <keyboard-shortcut first-keystroke="alt a" />
  </action>
  <action id="ActivateMavenToolWindow">
    <keyboard-shortcut first-keystroke="shift alt 1" />
  </action>
  <action id="ActivatePullRequestsToolWindow">
    <keyboard-shortcut first-keystroke="alt p" />
  </action>
  <action id="ChooseRunConfiguration">
    <keyboard-shortcut first-keystroke="shift alt f10" />
    <keyboard-shortcut first-keystroke="shift f10" />
  </action>
  <action id="CloseContent">
    <keyboard-shortcut first-keystroke="ctrl f4" />
    <keyboard-shortcut first-keystroke="alt d" />
  </action>
  <action id="EditorContextInfo" />
  <action id="Git.ResolveConflicts">
    <keyboard-shortcut first-keystroke="shift alt 3" />
  </action>
  <action id="Github.Create.Pull.Request">
    <keyboard-shortcut first-keystroke="shift alt p" />
  </action>
  <action id="Gradle.ExecuteTask">
    <keyboard-shortcut first-keystroke="shift alt 1" />
    <keyboard-shortcut first-keystroke="alt g" />
  </action>
  <action id="Maven.ExecuteGoal">
    <keyboard-shortcut first-keystroke="shift alt 2" />
  </action>
  <action id="MoveMinimap">
    <keyboard-shortcut first-keystroke="q" second-keystroke="left" />
  </action>
  <action id="MoveTabRight">
    <keyboard-shortcut first-keystroke="alt q" />
  </action>
  <action id="NextSplitter">
    <keyboard-shortcut first-keystroke="shift alt q" />
  </action>
  <action id="OpenInBrowser">
    <keyboard-shortcut first-keystroke="shift alt b" />
  </action>
  <action id="OpenInRightSplit">
    <keyboard-shortcut first-keystroke="shift enter" />
    <mouse-shortcut keystroke="alt button1 doubleClick" />
    <keyboard-shortcut first-keystroke="alt q" />
  </action>
  <action id="PinActiveTabToggle">
    <keyboard-shortcut first-keystroke="shift alt s" />
  </action>
  <action id="Run" />
  <action id="RunAnything">
    <keyboard-shortcut first-keystroke="shift alt dead_tilde" />
  </action>
  <action id="SaveAll">
    <keyboard-shortcut first-keystroke="ctrl semicolon" />
    <keyboard-shortcut first-keystroke="ctrl s" />
  </action>
  <action id="ToggleBookmark0" />
  <action id="ToggleBookmark1" />
  <action id="ToggleBookmark2" />
  <action id="ToggleBookmark3" />
  <action id="ToggleBookmark4" />
  <action id="ToggleBookmark5" />
  <action id="ToggleBookmark6" />
  <action id="ToggleBookmark7" />
  <action id="ToggleBookmark8" />
  <action id="ToggleBookmark9" />
  <action id="WD.UploadCurrentRemoteFileAction" />
  <action id="android.device.power.and.volume.up.button" />
  <action id="com.sburlyaev.cmd.plugin.actions.OpenInTerminal">
    <keyboard-shortcut first-keystroke="alt s" />
  </action>
  <action id="com.sburlyaev.cmd.plugin.actions.OpenTerminal" />
  <action id="context.save" />
  <action id="copilot.chat.show">
    <keyboard-shortcut first-keystroke="alt c" />
  </action>
  <action id="copilot.disposeInlays" />
  <action id="hg4idea.QPushAction" />
  <action id="tasks.open.in.browser" />
</keymap>